{
  "lang":"pt",
  "name":"pipeline",
  "version":"0.0.0",
  "spacy_version":">=3.8.5,<3.9.0",
  "description":"",
  "author":"",
  "email":"",
  "url":"",
  "license":"",
  "spacy_git_version":"d0c705c",
  "vectors":{
    "width":0,
    "vectors":0,
    "keys":0,
    "name":null,
    "mode":"default"
  },
  "labels":{
    "tok2vec":[

    ],
    "ner":[
      "DISPLACED",
      "EVACUATED",
      "FATALITIES",
      "INJURED",
      "MISSING"
    ]
  },
  "pipeline":[
    "tok2vec",
    "ner"
  ],
  "components":[
    "tok2vec",
    "ner"
  ],
  "disabled":[

  ],
  "performance":{
    "ents_f":1.0,
    "ents_p":1.0,
    "ents_r":1.0,
    "ents_per_type":{
      "FATALITIES":{
        "p":1.0,
        "r":1.0,
        "f":1.0
      },
      "INJURED":{
        "p":1.0,
        "r":1.0,
        "f":1.0
      },
      "EVACUATED":{
        "p":1.0,
        "r":1.0,
        "f":1.0
      },
      "DISPLACED":{
        "p":1.0,
        "r":1.0,
        "f":1.0
      },
      "MISSING":{
        "p":1.0,
        "r":1.0,
        "f":1.0
      }
    },
    "tok2vec_loss":0.0000001638,
    "ner_loss":0.0000002529
  }
}